LGA_Council,School_Name,Rollout_Status,Verified_Address,latitude,longitude,matched_address,geometry,nearest_road_volume,nearest_road_traffic_score,max_traffic_score_250m,avg_traffic_score_250m,max_volume_250m,avg_volume_250m,crashes_250m,fatal_serious_250m,child_involved_250m,ped_cyclist_250m,crashes_250m_2020,crashes_250m_2021,crashes_250m_2022,crashes_250m_2023,crashes_250m_2024,crashes_500m,fatal_serious_500m,child_involved_500m,ped_cyclist_500m,has_road_within_250m,traffic_exposure_score,severity_weighted_crashes,crash_risk_index,risk_score,tesecn_volume,cv_percent,rlcwy_code,dist_to_nearest_road_m,rlcwy_code_binary
City of Charles Sturt,Adelaide Secondary School of English,Completed,253 Torrens Road WEST CROYDON SA 5008,-34.8825135,138.5603135,"Torrens Road, West Croydon, Adelaide, South Australia, 5008, Australia",POINT (277033.33771584195 6137269.8428644575),19600,12400,12400.0,12400.0,19600.0,19600.0,18,1,1,4,1,4,2,3,8,51,2,1,6,True,12400,53,0.242009132,15400.91324,19600,4.0,L,11.21461506,1
City of Playford,Angle Vale Primary School,Completed,Heaslip Road ANGLE VALE SA 5117,-34.64358757,138.6472205,"Heaslip Road, Adelaide, South Australia, 5117, Australia",POINT (284356.59569315804 6163962.782294135),11900,7100,7100.0,7100.0,11900.0,11900.0,8,0,0,0,1,2,2,2,1,19,0,1,0,True,7100,8,0.03652968,7359.360731,11900,3.5,U,77.63323262,0
City of Marion,Ascot Park Primary School,To be delivered in late 2026,1-37 Pildappa Avenue PARK HOLME SA 5043,-34.9903079,138.5519666,"Pildappa Avenue, Park Holme, Adelaide, South Australia, 5043, Australia",POINT (276563.09868547664 6125293.570634141),40400,24900,,,,,10,1,0,2,2,1,0,5,2,50,5,2,5,False,24900,30,0.136986301,28310.9589,40400,3.5,L,442.478192,1
City of Port Adelaide Enfield,Avenues College,Completed,McKay Avenue WINDSOR GARDENS SA 5087,-34.86186638,138.6581436,"McKay Avenue, Windsor Gardens, Adelaide, South Australia, 5087, Australia",POINT (285922.399976372 6139773.675606272),41000,27400,27400.0,27400.0,41000.0,41000.0,8,0,0,0,2,0,2,1,3,75,7,4,6,True,27400,8,0.03652968,28400.91324,41000,5.0,L,228.1431311,1
Wakefield Regional Council,Balaklava High School,To be delivered in late 2026,14 Gwy Terrace BALAKLAVA SA 5461,-34.1504178,138.4143655,"Gwy Terrace, Balaklava, South Australia, 5461, Australia",POINT (261613.7994885868 6218145.010188088),2100,2100,2100.0,2100.0,2100.0,2100.0,5,2,2,1,0,2,1,1,1,11,2,2,2,True,2100,40,0.182648402,2483.561644,2100,15.0,U,0.374457379,0
City of Mitcham,Belair Primary School,Completed,45-83 Main Road BELAIR SA 5052,-35.0048288,138.6253352,"Main Road, Belair, Adelaide, South Australia, 5052, Australia",POINT (283299.25285668636 6123844.521748396),17700,9800,9800.0,9800.0,17700.0,17700.0,11,1,0,1,2,6,1,1,1,20,1,0,2,True,9800,26,0.118721461,10963.47032,17700,2.0,U,0.765505677,0
City of Mitcham,Bellevue Heights Primary School,Completed,7-19 Vaucluse Crescent BELLEVUE HEIGHTS SA 5050,-35.0290751,138.5882321,"Vaucluse Crescent, Bellevue Heights, Adelaide, South Australia, 5050, Australia",POINT (279977.71894289076 6121073.679569386),31700,18300,18300.0,18300.0,31700.0,31700.0,11,0,0,1,2,2,3,2,2,30,2,2,2,True,18300,16,0.073059361,19636.9863,31700,2.5,L,208.8874834,1
City of Unley,Black Forest Primary School,To be delivered in late 2026,679 South Road BLACK FOREST SA 5035,-34.9604452,138.5736906,"Black Forest Primary School, 679, South Road, Black Forest, Adelaide, South Australia, 5035, Australia",POINT (278465.84074600635 6128654.647380689),52600,42000,42000.0,42000.0,52600.0,52600.0,40,1,0,3,6,15,6,8,5,90,7,0,6,True,42000,65,0.296803653,54465.75342,52600,9.0,L,107.6845858,1
City of Prospect,Blackfriars Priory School,To be delivered in late 2026,17 Prospect Road PROSPECT SA 5082,-34.8760363,138.5932615,"Prospect Road, Prospect, Adelaide, South Australia, 5082, Australia",POINT (280027.8578866825 6138061.237062184),14400,9000,19900.0,13120.0,31800.0,20900.0,76,0,1,4,14,20,15,16,11,134,4,3,11,True,13120,101,0.461187215,19170.77626,14400,4.0,L,3.439551966,1
City of Mitcham,Blackwood High School,To be delivered in late 2026,4 Seymour Street EDEN HILLS SA 5050,-35.02559406,138.6063363,"Seymour Street, Eden Hills, Adelaide, South Australia, 5050, Australia",POINT (281620.40916152357 6121499.618574014),31600,18300,18300.0,18300.0,31600.0,31600.0,17,1,0,0,2,5,5,4,1,36,3,3,1,True,18300,27,0.123287671,20556.16438,31600,2.5,U,118.8468116,0
City of Mitcham,Blackwood Primary School,To be delivered in late 2026,4 Seymour Street EDEN HILLS SA 5050,-35.02392465,138.6066588,"Seymour Street, Eden Hills, Adelaide, South Australia, 5050, Australia",POINT (281645.3941333573 6121685.51155702),31600,18300,18300.0,18300.0,31600.0,31600.0,19,1,0,0,2,4,5,4,4,40,4,3,2,True,18300,29,0.132420091,20723.28767,31600,2.5,U,5.57444049,0
City of Onkaparinga,Bowden Brompton Community School - Beach Campus,Completed,181 Beach Road CHRISTIES BEACH SA 5165,-35.1392814,138.4748273,"Beach Road, Christies Beach, Adelaide, South Australia, 5165, Australia",POINT (269939.60716174555 6108591.931657376),16900,9800,,,,,14,0,1,3,3,3,3,2,3,45,2,1,8,False,9800,34,0.155251142,11321.46119,16900,2.5,L,818.2468314,1
City of Charles Sturt,Bowden Brompton Community School Brompton Campus,To be delivered in late 2026,85A Torrens Road BROMPTON SA 5007,-34.89446444,138.5805016,,POINT (278910.7848978612 6135988.921383932),27300,17300,17300.0,16900.0,27300.0,26733.0,40,0,0,2,8,11,8,3,10,85,2,1,6,True,16900,50,0.228310502,20758.44749,27300,4.0,L,13.29800901,1
City of Holdfast Bay,Brighton Primary School,Completed,1 Highet Avenue BRIGHTON SA 5048,-35.01575738,138.5253924,"Highet Avenue, Hove, Adelaide, South Australia, 5048, Australia",POINT (274207.08559922106 6122410.612905581),34200,22100,22100.0,22100.0,34200.0,34200.0,13,0,1,1,4,3,1,3,2,134,5,3,10,True,22100,23,0.105022831,24421.00457,34200,4.5,L,226.5993847,1
City of Holdfast Bay,Brighton Secondary School,Completed,305 Brighton Road NORTH BRIGHTON SA 5048,-35.003055,138.5207181,"Brighton Performing Arts Centre, 305, Brighton Road, North Brighton, Adelaide, South Australia, 5048, Australia",POINT (273745.49091910553 6123809.126008611),37200,23600,23600.0,23600.0,37200.0,37200.0,20,0,0,0,6,3,3,2,6,70,3,3,5,True,23600,20,0.091324201,25755.25114,37200,4.5,L,113.0901975,1
City of Charles Sturt,Brompton Primary School,To be delivered in late 2026,Napier Street RENOWN PARK SA 5008,-34.89391397,138.5819671,"Napier Street, Renown Park, Adelaide, South Australia, 5008, Australia",POINT (279043.25226536626 6136053.220487226),27300,17300,17300.0,16900.0,27300.0,26733.0,30,0,0,2,5,10,7,2,6,81,1,1,4,True,16900,40,0.182648402,19986.75799,27300,4.0,L,139.8651473,1
City of Burnside,Burnside Primary School,To be delivered in late 2026,11 High Street BURNSIDE SA 5066,-34.9362627,138.6644687,"High Street, Burnside, Adelaide, South Australia, 5066, Australia",POINT (286693.2813767256 6131534.657946439),13900,8500,8500.0,8500.0,13900.0,13900.0,7,0,0,0,0,2,0,3,2,74,1,0,5,True,8500,7,0.03196347,8771.689498,13900,3.5,U,199.9646604,0
City of Mitcham,Cabra Dominican College,Completed,225 Cross Road CUMBERLAND PARK SA 5041,-34.9677694,138.5874223,"Cabra Dominican College, 225, Cross Road, Cumberland Park, Adelaide, South Australia, 5041, Australia",POINT (279739.4874165541 6127872.5386881465),25700,15500,15500.0,15500.0,25700.0,25700.0,15,1,0,2,5,0,2,5,3,119,5,1,12,True,15500,35,0.159817352,17977.16895,25700,3.5,L,143.6695103,1
City of Onkaparinga,Calvary Lutheran Primary School,To be delivered in late 2026,5 Windsong Court MORPHETT VALE SA 5162,-35.1355906,138.5115282,"Windsong Court, Morphett Vale, Adelaide, South Australia, 5162, Australia",POINT (273273.7877584682 6109085.642627865),18100,10300,10300.0,9700.0,18100.0,17000.0,6,0,0,1,1,1,0,2,2,22,2,1,3,True,9700,11,0.050228311,10187.21461,18100,2.5,U,198.0436461,0
City of Onkaparinga,Cardjin College - Marcellin Campus,Completed,Mander Road CHRISTIE DOWNS SA 5164,-35.1376251,138.4921635,"Mander Road, Christie Downs, Adelaide, South Australia, 5164, Australia",POINT (271514.7621551835 6108815.635049174),16400,9300,11500.0,10567.0,20500.0,18400.0,32,1,1,3,4,8,7,8,5,88,5,2,12,True,10567,62,0.283105023,13558.57078,16400,2.5,U,78.5629659,0
City of Charles Sturt,Challa Gardens Primary School,To be delivered in late 2026,Humphries Terrace KILKENNY SA 5009,-34.87744963,138.5546417,"Humphries Terrace, Kilkenny, Adelaide, South Australia, 5009, Australia",POINT (276501.1523767068 6137818.926027186),19600,12400,14700.0,13550.0,22200.0,20900.0,46,0,2,4,7,10,6,11,12,132,2,4,10,True,13550,76,0.347031963,18252.28311,19600,4.0,L,133.2094135,1
Campbelltown City Council,Charles Campbell College,Completed,3 Campbell Road PARADISE SA 5075,-34.874468,138.6727433,"Campbell Road, Paradise, Adelaide, South Australia, 5075, Australia",POINT (287289.7451096987 6138406.938388516),18300,13200,21700.0,17467.0,32000.0,25833.0,31,3,0,5,4,4,10,6,7,165,11,5,13,True,17467,86,0.392694064,24326.18721,18300,7.0,L,203.8711583,1
City of Onkaparinga,Christies Beach High School,Completed,Morton Road CHRISTIE DOWNS SA 5164,-35.13707983,138.4975421,"Morton Road, Christie Downs, Adelaide, South Australia, 5164, Australia",POINT (272003.3845053541 6108888.467143953),21800,12300,12400.0,12067.0,21800.0,21033.0,39,1,1,4,9,4,10,9,7,84,3,2,10,True,12067,74,0.337899543,16144.43379,21800,2.0,U,107.9263884,0
City of Marion,Clovelly Park Primary School,To be delivered in late 2026,1 Renown Place CLOVELLY PARK SA 5042,-34.998875,138.5666681,"Renown Place, Clovelly Park, Adelaide, South Australia, 5042, Australia",POINT (277928.3743316314 6124376.021307034),26400,15400,,,,,11,0,2,4,4,1,1,0,5,28,0,3,5,False,15400,41,0.187214612,18283.10502,26400,2.5,L,631.0278663,1
City of Mitcham,Colonel Light Gardens Primary School,Completed,Windsor Avenue COLONEL LIGHT GARDENS SA 5041,-34.98692065,138.5945431,"Windsor Avenue, Colonel Light Gardens, Adelaide, South Australia, 5041, Australia",POINT (280440.88700071524 6125763.77752752),33100,19800,19800.0,19800.0,33100.0,33100.0,17,0,1,1,4,8,0,1,4,73,1,4,5,True,19800,27,0.123287671,22241.09589,33100,3.5,L,190.1398486,1
Mount Barker District Council,Cornerstone College,Completed,68 Adelaide Road MOUNT BARKER SA 5251,-35.0602015,138.8524213,"Adelaide Road, Mount Barker, South Australia, 5251, Australia",POINT (304157.80312135874 6118171.840759935),39100,24900,24900.0,14720.0,39100.0,20140.0,28,0,1,0,4,6,4,7,7,72,0,3,0,True,14720,33,0.150684932,16938.08219,39100,4.0,L,4.529010731,1
City of Mitcham,Coromandel Valley Primary School,Completed,339 Main Road COROMANDEL VALLEY SA 5051,-35.0345529,138.6248186,"Main Road, Coromandel Valley, Adelaide, South Australia, 5051, Australia",POINT (283330.5857411929 6120546.124731199),9700,5500,5500.0,5250.0,9700.0,9050.0,10,1,0,1,1,2,2,3,2,25,2,1,2,True,5250,25,0.114155251,5849.315068,9700,2.5,U,0.230706545,0
City of Onkaparinga,Craigburn Primary School,To be delivered in late 2026,15 Murrays Hill Road FLAGSTAFF HILL SA 5159,-35.0472287,138.6131401,"Murrays Hill Road, Flagstaff Hill, Adelaide, South Australia, 5159, Australia",POINT (282298.6877404355 6119114.563248262),9400,5400,,,,,2,0,0,0,1,0,0,0,1,4,0,0,0,False,5400,2,0.00913242,5449.315068,9400,2.5,U,609.4751558,0
City of Port Adelaide Enfield,Dominican School Semaphore,Completed,237 Military Road SEMAPHORE SA 5019,-34.8386521,138.4841209,"Military Road, Semaphore, Adelaide, South Australia, 5019, Australia",POINT (269946.2460586123 6141963.068382528),9600,5800,8000.0,5675.0,14200.0,9825.0,51,1,1,8,11,11,10,7,12,98,3,2,19,True,5675,106,0.484018265,8421.803653,9600,3.0,U,1.895760698,0
Campbelltown City Council,East Torrens Primary School,Completed,12 Robson Road HECTORVILLE SA 5073,-34.8902482,138.6664562,"East Torrens Primary School, 12, Robson Road, Hectorville, Adelaide, South Australia, 5073, Australia",POINT (286755.79026403534 6136643.128187739),20000,11800,11800.0,10150.0,20000.0,17300.0,16,0,2,2,3,3,3,0,7,44,2,3,6,True,10150,36,0.164383562,11818.49315,20000,3.0,L,144.6821139,1
Alexandrina Council,Eastern Fleurieu School (Strathalbyn 7-12 Campus),Completed,11 Callington Road STRATHALBYN SA 5255,-35.2581397,138.8987305,"Callington Road, Strathalbyn, South Australia, 5255, Australia",POINT (308845.38923702645 6096305.658446112),2700,2900,6100.0,3600.0,5700.0,3850.0,9,1,0,2,1,2,1,3,2,18,2,0,2,True,3600,29,0.132420091,4076.712329,2700,17.0,U,1.849811491,0
City of Playford,Elizabeth South Primary School,Completed,Chivell Street ELIZABETH SOUTH SA 5112,-34.73095243,138.6616488,"Chivell Street, Elizabeth South, Adelaide, South Australia, 5112, Australia",POINT (285904.4854911504 6154302.783324471),23300,14000,14000.0,14000.0,23300.0,23300.0,19,0,1,3,4,4,2,3,6,50,0,1,3,True,14000,39,0.178082192,16493.15068,23300,3.0,U,137.4911814,0
City of Playford,Elizabeth Vale Primary School,To be delivered in late 2026,Rollison Road ELIZABETH VALE SA 5112,-34.74635866,138.6700879,"Rollison Road, Elizabeth Vale, Adelaide, South Australia, 5112, Australia",POINT (286716.9277786892 6152611.812752819),16400,10500,10500.0,10500.0,16400.0,16400.0,10,1,0,2,1,1,2,0,6,76,2,4,11,True,10500,30,0.136986301,11938.35616,16400,4.5,U,164.8566855,0
City of West Torrens,Emmaus Christian College,To be delivered in late 2026,7 Lynton Avenue SOUTH PLYMPTON SA 5038,-34.970669,138.5591571,"Lynton Avenue, South Plympton, Adelaide, South Australia, 5038, Australia",POINT (277166.2880476088 6127488.194928432),16700,10000,,,,,6,0,0,0,1,1,0,3,1,146,3,2,10,False,10000,6,0.02739726,10273.9726,16700,3.0,L,306.3746264,1
Victor Harbor City Council,Encounter Lutheran College,To be delivered in late 2026,64 Adelaide Road VICTOR HARBOR SA 5211,-35.52760902,138.6364477,,POINT (285695.5912252483 6065875.12544491),7200,6300,6300.0,6300.0,7200.0,7200.0,0,0,0,0,0,0,0,0,0,2,0,0,0,True,6300,0,0.0,6300.0,7200,11.0,U,69.25216138,0
City of Port Adelaide Enfield,Enfield Primary School,To be delivered in late 2026,Clarice Avenue ENFIELD SA 5085,-34.8652976,138.6032428,"Clarice Avenue, Enfield, Adelaide, South Australia, 5085, Australia",POINT (280911.81546648545 6139274.339729965),37300,24000,24000.0,24000.0,37300.0,37300.0,17,1,0,3,4,3,4,6,0,88,3,2,5,True,24000,42,0.191780822,28602.73973,37300,4.5,L,163.8045517,1
Town of Gawler,Evanston Gardens Primary School,Completed,71 Angle Vale Road EVANSTON GARDENS SA 5116,-34.6243531,138.7189027,"Evanston Gardens Primary School, 71, Angle Vale Road, Evanston Gardens, Adelaide, South Australia, 5116, Australia",POINT (290879.57021776185 6166247.429192821),7600,4700,4700.0,4700.0,7600.0,7600.0,9,0,0,0,0,2,1,3,3,20,0,3,2,True,4700,9,0.04109589,4893.150685,7600,4.0,U,55.35440055,0
City of Norwood Payneham and St Peters,Felixstow Primary School,To be delivered in late 2026,5-11 Briar Road FELIXSTOW SA 5070,-34.8922643,138.6448064,"Briar Road, Felixstow, Adelaide, South Australia, 5070, Australia",POINT (284782.2604884902 6136373.149339162),45900,27100,27100.0,27100.0,45900.0,45900.0,31,2,0,5,6,6,2,7,10,110,7,3,16,True,27100,76,0.347031963,36504.56621,45900,3.0,L,177.9737287,1
City of Onkaparinga,Flagstaff Hill Primary School,Completed,145 Black Road FLAGSTAFF HILL SA 5159,-35.04931026,138.5880567,"Black Road, Aberfoyle Park, Adelaide, South Australia, 5159, Australia",POINT (280015.9959272413 6118828.592886664),14700,8700,8700.0,8350.0,14700.0,14100.0,11,0,0,1,6,1,1,2,1,18,1,0,2,True,8350,16,0.073059361,8960.045662,14700,3.0,U,60.92985065,0
City of Charles Sturt,Flinders Park Primary School,Completed,70 Holbrooks Road FLINDERS PARK SA 5025,-34.9124603,138.5482524,"Holbrooks Road, Flinders Park, Adelaide, South Australia, 5025, Australia",POINT (276012.19785957143 6133920.9231765),25700,16500,16500.0,15000.0,25700.0,23450.0,12,0,0,1,6,0,3,1,2,41,2,3,5,True,15000,17,0.077625571,16164.38356,25700,4.5,L,9.151667096,1
City of Marion,Forbes Primary School,To be delivered in late 2026,80 Thomas Street SOUTH PLYMPTON SA 5038,-34.9769231,138.562431,"Thomas Street, South Plympton, Adelaide, South Australia, 5038, Australia",POINT (277482.16567494546 6126801.72402126),41000,25300,,,,,12,2,1,2,0,5,3,0,4,48,3,4,9,False,25300,47,0.214611872,30729.68037,41000,4.0,L,603.1383979,1
City of Tea Tree Gully,Gleeson College,Completed,40-60 Surrey Farm Drive GOLDEN GROVE SA 5125,-34.7947329,138.6903574,"Surrey Farm Drive, Golden Grove, Adelaide, South Australia, 5125, Australia",POINT (288696.205091164 6147288.809254922),26700,15300,16800.0,15167.0,29500.0,26333.0,23,0,0,0,5,4,5,3,6,60,2,6,3,True,15167,23,0.105022831,16759.88128,26700,2.5,L,27.79565321,1
City of Unley,Glen Osmond Primary School,To be delivered in late 2026,5 Fisher Street MYRTLE BANK SA 5064,-34.9573631,138.6373566,"Glen Osmond Primary School, 5, Fisher Street, Myrtle Bank, Adelaide, South Australia, 5064, Australia",POINT (284271.93708913727 6129135.852729812),25700,16700,16700.0,16700.0,25700.0,25700.0,25,1,1,5,5,10,3,4,3,75,2,1,11,True,16700,65,0.296803653,21656.621,25700,4.5,U,128.5186408,0
City of Holdfast Bay,Glenelg Primary School,To be delivered in late 2026,Diagonal Road GLENELG EAST SA 5045,-34.9845276,138.521841,"Diagonal Road, Glenelg East, Adelaide, South Australia, 5045, Australia",POINT (273796.97849357384 6125866.950580178),25600,15200,31200.0,22433.0,48500.0,35467.0,53,1,1,2,9,8,17,7,12,142,6,3,9,True,22433,78,0.356164384,30422.83562,25600,3.0,L,93.68922612,1
City of Tea Tree Gully,Golden Grove High School,Completed,1 Adey Place GOLDEN GROVE SA 5125,-34.7945179,138.6979941,"Adey Place, Golden Grove, Adelaide, South Australia, 5125, Australia",POINT (289394.4541945397 6147328.714420944),19400,12500,12500.0,12500.0,19400.0,19400.0,9,1,0,0,0,2,1,3,3,83,6,6,2,True,12500,19,0.086757991,13584.47489,19400,4.5,L,96.33736498,1
City of Salisbury,Good Shepherd Lutheran School,Completed,388 Montague Road PARA VISTA SA 5093,-34.827978,138.6672498,"Good Shepherd Lutheran Primary School, 388, Montague Road, Para Vista, Adelaide, South Australia, 5092, Australia",POINT (286667.4967278446 6143552.186804741),14400,8800,9600.0,9200.0,15800.0,15100.0,8,1,0,0,1,2,2,1,2,21,1,0,0,True,9200,18,0.082191781,9956.164384,14400,3.5,L,139.529069,1
City of Unley,Goodwood Primary School,Completed,140 Goodwood Road GOODWOOD SA 5034,-34.9513804,138.5889849,"Goodwood Primary School, 140, Goodwood Road, Goodwood, Adelaide, South Australia, 5034, Australia",POINT (279838.314819005 6129694.005728794),27700,16200,16200.0,16200.0,27700.0,27700.0,33,1,0,4,6,4,8,9,6,99,5,1,10,True,16200,63,0.287671233,20860.27397,27700,3.0,U,60.74697239,0
City of Marion,Hamilton Secondary School,To be delivered in late 2026,815 Marion Road MITCHELL PARK SA 5043,-35.0088146,138.5582416,"Marion Road, Mitchell Park, Adelaide, South Australia, 5043, Australia",POINT (277186.16297129216 6123254.631421195),45200,27100,27100.0,27100.0,45200.0,45200.0,55,1,1,4,13,10,12,12,8,130,6,4,13,True,27100,90,0.410958904,38236.9863,45200,3.5,L,1.315395318,1
City of Port Adelaide Enfield,Hampstead Primary School,Completed,38-56 Muller Road GREENACRES SA 5086,-34.8716863,138.6252167,"Muller Road, Greenacres, Adelaide, South Australia, 5086, Australia",POINT (282937.65859952476 6138613.51008437),22100,13900,13900.0,13900.0,22100.0,22100.0,22,0,0,0,4,6,5,4,3,49,1,0,0,True,13900,22,0.100456621,15296.34703,22100,4.0,L,2.097876858,1
City of Charles Sturt,Hendon Primary School,Completed,Cedar Avenue ROYAL PARK SA 5014,-34.87778725,138.5113141,"Cedar Avenue, Royal Park, Adelaide, South Australia, 5014, Australia",POINT (272541.20488319197 6137683.890538221),21300,13900,14300.0,11800.0,21600.0,18650.0,40,0,0,4,10,10,5,10,5,69,1,1,6,True,11800,60,0.273972603,15032.87671,21300,5.0,L,128.4208941,1
City of Charles Sturt,Henley High School,Completed,Cudmore Terrace HENLEY BEACH SA 5022,-34.92205544,138.5011159,"Cudmore Terrace, Henley Beach, Adelaide, South Australia, 5022, Australia",POINT (271731.52609254746 6132749.953667965),11800,7000,,,,,4,0,0,0,2,0,0,2,0,30,0,0,3,False,7000,4,0.01826484,7127.853881,11800,3.0,L,362.9876025,1
City of Playford,Hope Christian College,Completed,213 Yorktown Road CRAIGMORE SA 5114,-34.7069382,138.7053522,"Hope Christian College, 213, Yorktown Road, Craigmore, Adelaide, South Australia, 5114, Australia",POINT (289845.8698233536 6157058.741288481),7300,4500,6000.0,4467.0,10400.0,7533.0,14,1,2,2,3,3,2,3,3,20,1,2,2,True,4467,44,0.200913242,5364.479452,7300,4.0,U,118.0037571,0
City of Marion,IQRA College,Completed,5 Majors Road O'HALLORAN HILL SA 5158,-35.0540099,138.5532174,"Majors Road, O'Halloran Hill, Adelaide, South Australia, 5158, Australia",POINT (276850.57739889587 6118229.817500623),8800,5200,5200.0,5200.0,8800.0,8800.0,3,0,0,0,0,0,0,0,3,5,0,0,0,True,5200,3,0.01369863,5271.232877,8800,3.0,U,0.260648514,0
Town of Gawler,Immanuel Gawler Primary School,Completed,11 Lyndoch Road GAWLER EAST SA 5118,-34.5957886,138.752797,"Lyndoch Road, Gawler East, Adelaide, South Australia, 5118, Australia",POINT (293916.79731074814 6169485.60955303),13500,8700,8700.0,7100.0,13500.0,10900.0,10,0,0,0,2,4,1,0,3,64,5,3,7,True,7100,10,0.0456621,7424.200913,13500,4.5,U,4.831996935,0
City of Salisbury,Ingle Farm Primary School,Completed,2 Belalie Road INGLE FARM SA 5098,-34.826486,138.6415187,"Belalie Road, Ingle Farm, Adelaide, South Australia, 5098, Australia",POINT (284310.00399319746 6143662.62850655),34000,22100,22100.0,22100.0,34000.0,34000.0,38,3,0,2,6,13,6,6,7,78,5,0,3,True,22100,78,0.356164384,29971.23288,34000,5.0,L,49.52249158,1
Victor Harbor City Council,Investigator College,To be delivered in late 2026,Bacchus Road VICTOR HARBOR SA 5211,-35.55449536,138.5974087,"Bacchus Road, Victor Harbor, South Australia, 5211, Australia",POINT (282227.97376038955 6062806.791260533),1700,1300,1300.0,1300.0,1700.0,1700.0,2,0,0,0,0,0,0,2,0,6,0,0,1,True,1300,2,0.00913242,1311.872146,1700,8.0,U,234.9109578,0
Northern Areas Council,Jamestown Community School,Completed,Humphris Terrace JAMESTOWN SA 5491,-33.20475525,138.6095589,"Humphris Terrace, Jamestown, South Australia, 5491, Australia",POINT (277186.1028130207 6323467.195639344),2200,2200,2600.0,2400.0,2600.0,2400.0,1,0,0,0,0,0,1,0,0,2,1,1,1,True,2400,1,0.00456621,2410.958904,2200,15.5,U,104.8757884,0
Wattle Range Council,Kalangadoo Primary School,Completed,48 Kangaroo Flat Road KALANGADOO SA 5278,-37.5656838,140.6834084,"Kangaroo Flat Road, Kalangadoo, South Australia, 5278, Australia",POINT (472040.9387226846 5842324.389239587),650,750,750.0,750.0,650.0,650.0,0,0,0,0,0,0,0,0,0,0,0,0,0,True,750,0,0.0,750.0,650,18.5,U,0.112321436,0
City of Charles Sturt,Kilkenny Primary School,Completed,Jane Street WEST CROYDON SA 5008,-34.88957006,138.5539932,"Jane Street, West Croydon, Adelaide, South Australia, 5008, Australia",POINT (276474.7204733706 6136472.967853673),41700,25400,,,,,2,0,0,0,0,0,2,0,0,67,0,0,0,False,25400,2,0.00913242,25631.96347,41700,3.5,L,291.8664327,1
City of Port Adelaide Enfield,Le Fevre Peninsula Primary School,To be delivered in late 2026,Shorney Street BIRKENHEAD SA 5015,-34.83974633,138.495134,"Shorney Street, Birkenhead, Adelaide, South Australia, 5015, Australia",POINT (270956.54996203684 6141866.912983907),11400,7300,7600.0,7333.0,12700.0,12133.0,20,0,2,2,5,4,3,5,3,43,3,3,9,True,7333,40,0.182648402,8672.360731,11400,4.5,L,74.69393648,1
City of Burnside,Linden Park Primary School,To be delivered in late 2026,14 Hay Road LINDEN PARK SA 5065,-34.947699,138.6455068,"Linden Park Primary School, 14, Hay Road, Linden Park, Adelaide, South Australia, 5065, Australia",POINT (284991.0079172613 6130225.435382541),37200,27400,27400.0,27400.0,37200.0,37200.0,21,1,1,2,5,3,3,6,4,78,1,1,4,True,27400,46,0.210045662,33155.25114,37200,7.5,L,217.2616753,1
Mount Barker District Council,Littlehampton Primary School,To be delivered in late 2026,16-30 Baker Street LITTLEHAMPTON SA 5250,-35.0488538,138.8683762,"Baker Street, Littlehampton, South Australia, 5250, Australia",POINT (305586.0855161303 6119461.797982001),10200,6200,6200.0,6200.0,10200.0,10200.0,6,0,0,1,2,1,0,2,1,12,0,0,1,True,6200,11,0.050228311,6511.415525,10200,3.5,U,131.1738046,0
Adelaide Hills Council,Lobethal Lutheran School,To be delivered in late 2026,48 Main Street LOBETHAL SA 5241,-34.9043193,138.8762196,"Lobethal Lutheran School, 48, Main Street, Lobethal, South Australia, 5241, Australia",POINT (305960.7402932234 6135509.133573759),5100,3700,3700.0,3700.0,5100.0,5100.0,8,1,0,2,1,2,1,1,3,14,1,0,3,True,3700,28,0.127853881,4173.059361,5100,7.0,U,145.2352609,0
City of Norwood Payneham and St Peters,Loreto College,To be delivered in late 2026,316 Portrush Road MARRYATVILLE SA 5068,-34.9294501,138.6424785,"Loreto College, 316, Portrush Road, Marryatville, Adelaide, South Australia, 5068, Australia",POINT (284666.6847851146 6132243.223878531),40200,29700,29700.0,29700.0,40200.0,40200.0,22,0,1,4,2,7,6,3,4,91,2,6,9,True,29700,47,0.214611872,36073.9726,40200,7.5,L,70.75091726,1
District Council of Loxton Waikerie,Loxton High School,To be delivered in late 2026,1889 Bookpurnong Road LOXTON SA 5333,-34.442742,140.5847782,"1889, Bookpurnong Road, Loxton, South Australia, 5333, Australia",POINT (461855.127257683 6188673.719871584),7300,4500,5000.0,4750.0,7900.0,7600.0,4,0,0,0,0,1,1,1,1,9,0,0,0,True,4750,4,0.01826484,4836.757991,7300,4.0,U,32.65529308,0
City of Burnside,Magill School,Completed,Adelaide Street MAGILL SA 5072,-34.91328332,138.6762005,"Australia Post, Pepper Street, Magill, Adelaide, South Australia, 5072, Australia",POINT (287705.7402928399 6134108.64749554),17600,11100,14000.0,10600.0,22000.0,16525.0,47,1,2,4,10,10,6,12,9,89,1,4,11,True,10600,87,0.397260274,14810.9589,17600,4.5,U,11.0764473,0
City of Marion,Marion Primary School,To be delivered in late 2026,2-22 Malcolm Avenue MARION SA 5043,-35.0044972,138.5552663,"Malcolm Avenue, Marion, Adelaide, South Australia, 5043, Australia",POINT (276902.8755772675 6123726.917883426),47900,28900,28900.0,28900.0,47900.0,47900.0,20,2,1,5,3,5,3,6,3,145,9,7,17,True,28900,70,0.319634703,38137.44292,47900,3.5,L,240.3456863,1
City of Norwood Payneham and St Peters,Marryatville High School,Completed,170 Kensington Road MARRYATVILLE SA 5068,-34.9270214,138.64171,"Kensington Road, Marryatville, Adelaide, South Australia, 5068, Australia",POINT (284590.1245609933 6132510.978248946),20200,11900,29700.0,20075.0,40200.0,29425.0,57,1,3,1,11,17,12,10,7,157,5,8,11,True,20075,87,0.397260274,28050.0,20200,3.0,U,8.039194401,0
City of Norwood Payneham and St Peters,Marryatville Primary School,To be delivered in late 2026,Dankel Avenue KENSINGTON SA 5068,-34.9244519,138.6491909,"Dankel Avenue, Kensington, Adelaide, South Australia, 5068, Australia",POINT (285266.8727804808 6132812.095173115),20200,11900,11900.0,11900.0,20200.0,20200.0,24,1,1,3,3,4,5,6,6,81,4,5,13,True,11900,54,0.246575342,14834.24658,20200,3.0,U,228.9461307,0
City of Norwood Payneham and St Peters,Mary MacKillop College,To be delivered in late 2026,10-14 High Street KENSINGTON SA 5068,-34.92258371,138.64296,,POINT (284692.7262471329 6133005.931862765),37000,27200,27200.0,17250.0,37000.0,24500.0,32,2,2,2,5,10,7,5,5,145,4,6,16,True,17250,72,0.328767123,22921.23288,37000,7.5,L,164.1527378,1
City of Mitcham,Mercedes College,Completed,540 Fullarton Road SPRINGFIELD SA 5062,-34.976528,138.6286004,"Mercedes College, 540, Fullarton Road, Springfield, Adelaide, South Australia, 5062, Australia",POINT (283522.7251950861 6126990.980608999),30700,17800,17800.0,16550.0,30700.0,28800.0,14,0,0,0,2,4,5,1,2,29,0,0,2,True,16550,14,0.063926941,17607.99087,30700,3.0,U,113.7060069,0
City of Mitcham,Mitcham Girls High School,Completed,Kyre Avenue KINGSWOOD SA 5062,-34.96942969,138.6109633,"Kyre Avenue, Kingswood, Adelaide, South Australia, 5062, Australia",POINT (281893.5368426938 6127740.01849716),28400,16500,16500.0,16500.0,28400.0,28400.0,24,0,0,1,1,3,4,10,6,118,0,3,8,True,16500,29,0.132420091,18684.93151,28400,2.5,U,187.852002,0
City of Tea Tree Gully,Modbury School P-6,To be delivered in late 2026,2-18 Golden Grove Road MODBURY NORTH SA 5092,-34.8234893,138.6942598,"Golden Grove Road, Modbury North, Adelaide, South Australia, 5092, Australia",POINT (289126.6110424942 6144107.239156655),24600,14900,14900.0,14900.0,24600.0,24600.0,20,1,0,3,2,3,7,4,4,54,2,1,8,True,14900,45,0.205479452,17961.64384,24600,3.5,L,10.66014438,1
Campbelltown City Council,Morialta Secondary College,To be delivered in late 2026,Morialta Road West ROSTREVOR SA 5073,-34.90066869,138.6781484,"Morialta Road West, Rostrevor, Adelaide, South Australia, 5073, Australia",POINT (287851.2683963596 6135512.072485259),5200,3400,3400.0,3400.0,5200.0,5200.0,2,0,0,0,0,0,2,0,0,61,1,5,5,True,3400,2,0.00913242,3431.050228,5200,5.0,U,210.1166902,0
City of Onkaparinga,Morphett Vale Primary School,Completed,Lawrence Street MORPHETT VALE SA 5162,-35.10839705,138.5151737,"Lawrence Street, Morphett Vale, Adelaide, South Australia, 5162, Australia",POINT (273530.68977799977 6112110.634252058),19800,12500,,,,,3,0,1,1,0,1,1,1,0,56,1,3,5,False,12500,13,0.059360731,13242.00913,19800,4.5,L,311.912918,1
Mount Barker District Council,Mount Barker High School,To be delivered in late 2026,2 Wellington Road MOUNT BARKER SA 5251,-35.0827067,138.8700316,"Wellington Road, Mount Barker, South Australia, 5251, Australia",POINT (305817.32657441706 6115709.93678864),17100,10300,10300.0,9200.0,17100.0,15200.0,5,0,1,0,1,0,0,1,3,50,1,1,2,True,9200,10,0.0456621,9620.091324,17100,3.0,U,1.410476289,0
Alexandrina Council,Mount Compass Area School,Completed,School Road MOUNT COMPASS SA 5210,-35.34981045,138.6199212,"School Road, Mount Compass, South Australia, 5210, Australia",POINT (283721.4816224262 6085563.289126189),12200,12300,13800.0,13050.0,14200.0,13200.0,12,0,0,0,0,4,4,2,2,16,0,0,0,True,13050,12,0.054794521,13765.06849,12200,15.5,U,140.0261372,0
Rural City of Murray Bridge,Murray Bridge High School,Completed,Lohmann Street MURRAY BRIDGE SA 5253,-35.13434882,139.2865892,"Lohmann Street, Murray Bridge, South Australia, 5253, Australia",POINT (343896.4871640752 6110714.489405212),10200,5900,,,,,2,1,0,1,0,0,0,2,0,11,1,0,2,False,5900,17,0.077625571,6357.990868,10200,2.5,U,290.8727885,0
Rural City of Murray Bridge,Murray Bridge North Primary School,Completed,1 North Terrace MURRAY BRIDGE SA 5253,-35.1172348,139.271177,"North Terrace, Murray Bridge, South Australia, 5253, Australia",POINT (342459.2229735646 6112588.419461759),7000,4100,4100.0,4100.0,7000.0,7000.0,5,1,1,1,2,0,0,1,2,33,1,1,1,True,4100,25,0.114155251,4568.03653,7000,3.0,U,75.26133967,0
City of Prospect,Nailsworth Primary School,Completed,2 Balfour Street NAILSWORTH SA 5083,-34.8831567,138.6066471,"Balfour Street, Nailsworth, Adelaide, South Australia, 5083, Australia",POINT (281270.4082888558 6137300.713971658),42000,26400,,,,,4,0,0,0,1,0,1,1,1,64,2,2,5,False,26400,4,0.01826484,26882.19178,42000,4.0,L,359.1065461,1
Mount Barker District Council,Nairne Primary School,Completed,5 Saleyard Road NAIRNE SA 5252,-35.038256,138.9025342,"Saleyard Road, Nairne, South Australia, 5252, Australia",POINT (308677.2130392898 6120703.400337262),15500,9500,9500.0,6500.0,15500.0,10500.0,4,0,0,0,1,1,0,1,1,5,0,0,0,True,6500,4,0.01826484,6618.721461,15500,3.5,U,107.9499619,0
City of Charles Sturt,Nazareth Catholic College (Middle School),Completed,1 Hartley Road FLINDERS PARK SA 5025,-34.9119702,138.5412945,"Hartley Road, Flinders Park, Adelaide, South Australia, 5025, Australia",POINT (275375.0635663034 6133959.687351316),25700,16500,,,,,11,1,2,1,2,3,2,3,1,22,1,3,2,False,16500,36,0.164383562,19212.32877,25700,4.5,L,643.0245108,1
City of Charles Sturt,Nazareth Catholic College Primary Years (R-6) Findon Campus,Completed,176 Crittenden Road FINDON SA 5023,-34.8963167,138.5337711,"Crittenden Road, Findon, Adelaide, South Australia, 5023, Australia",POINT (274644.79059674055 6135679.212594148),9900,6300,15200.0,10733.0,25000.0,17667.0,28,2,2,2,4,8,7,3,6,61,2,2,3,True,10733,68,0.310502283,14065.621,9900,4.0,L,3.168784782,1
City of Charles Sturt,Nazareth Catholic College Senior Years (11-12) Kidman Park Campus,Completed,344 Findon Road KIDMAN PARK SA 5025,-34.9116856,138.5338069,"Findon Road, Kidman Park, Adelaide, South Australia, 5025, Australia",POINT (274690.0788958736 6133974.418251051),20000,11600,12600.0,11900.0,21400.0,20733.0,39,0,1,2,6,7,6,5,15,51,0,2,3,True,11900,54,0.246575342,14834.24658,20000,3.0,U,2.145989364,0
The Barossa Council,Nuriootpa High School,Completed,Penrice Road NURIOOTPA SA 5355,-34.46708117,138.9991274,"Penrice Road, Nuriootpa, South Australia, 5355, Australia",POINT (316227.69277264964 6184236.593317023),5000,4100,6500.0,5300.0,10600.0,7800.0,7,0,0,0,1,2,2,1,1,15,0,0,2,True,5300,7,0.03196347,5469.406393,5000,10.0,U,73.35910603,0
Adelaide Hills Council,Oakbank Area School,Completed,154 Onkaparinga Valley Road OAKBANK SA 5243,-34.9887795,138.8359377,"Onkaparinga Valley Scenic Drive, Oakbank, South Australia, 5243, Australia",POINT (302482.56914057664 6126061.734867996),8800,8200,8200.0,8200.0,8800.0,8800.0,0,0,0,0,0,0,0,0,0,1,0,0,0,True,8200,0,0.0,8200.0,8800,12.5,U,105.3921629,0
City of Port Adelaide Enfield,Ocean View College,To be delivered in late 2026,Gedville Road TAPEROO SA 5017,-34.80282716,138.4936995,"Gedville Road, Taperoo, Adelaide, South Australia, 5017, Australia",POINT (270722.9927272884 6145959.081689577),6900,3700,3700.0,3700.0,6900.0,6900.0,1,0,0,0,1,0,0,0,0,10,0,0,1,True,3700,1,0.00456621,3716.894977,6900,1.5,U,181.9980628,0
City of Tea Tree Gully,Our Lady of Hope School,To be delivered in late 2026,Cnr. The Golden Way & Golden Grove Road GREENWITH SA 5125,-34.76895429,138.7199847,,POINT (291342.29409997526 6150210.247816942),6000,3300,3300.0,3300.0,6000.0,6000.0,7,1,0,1,3,0,2,1,1,14,2,2,2,True,3300,22,0.100456621,3631.506849,6000,1.5,U,71.81653081,0
Berri Barmera Council,Our Lady of The River School,To be delivered in late 2026,Verran Terrace BERRI SA 5343,-34.28377935,140.5971374,"Verran Terrace, Berri, South Australia, 5343, Australia",POINT (462920.57353893516 6206304.972942665),7500,5100,5300.0,5100.0,8300.0,6920.0,7,0,0,0,0,3,2,1,1,29,1,2,2,True,5100,7,0.03196347,5263.013699,7500,5.5,U,57.3576169,0
City of Port Adelaide Enfield,Our Lady of the Sacred Heart College,To be delivered in late 2026,496 Regency Road ENFIELD SA 5085,-34.8733835,138.6063238,"Regency Road, Enfield, Adelaide, South Australia, 5085, Australia",POINT (281214.9411160644 6138384.126400502),31800,19800,19800.0,19800.0,31800.0,31800.0,42,2,0,5,8,14,5,9,6,222,7,3,16,True,19800,87,0.397260274,27665.75342,31800,4.0,L,1.129459775,1
City of Port Adelaide Enfield,Our Lady of the Visitation School and Preschool,To be delivered in late 2026,433 Victoria Road TAPEROO SA 5017,-34.8043127,138.501298,"Victoria Road, Taperoo, Adelaide, South Australia, 5017, Australia",POINT (271422.36061045097 6145811.634616138),19300,17500,21700.0,19600.0,25500.0,22400.0,30,1,1,0,1,9,7,7,6,47,4,2,5,True,19600,45,0.205479452,23627.39726,19300,12.5,L,20.91134786,1
City of Salisbury,Para Vista Primary School,Completed,351 Montague Road PARA VISTA SA 5093,-34.8294247,138.6664302,"Montague Road, Para Vista, Adelaide, South Australia, 5093, Australia",POINT (286596.26382539363 6143389.9667067975),14400,8800,9600.0,9200.0,15800.0,15100.0,6,0,0,0,1,2,2,1,0,58,2,0,0,True,9200,6,0.02739726,9452.054795,14400,3.5,L,15.07548143,1
City of Salisbury,Parafield Gardens High School,To be delivered in late 2026,15 Shepherdson Road PARAFIELD GARDENS SA 5107,-34.7872058,138.6170699,"Shepherdson Road, Parafield Gardens, Adelaide, South Australia, 5107, Australia",POINT (281970.13985428825 6147966.962127289),39900,27200,27200.0,27200.0,39900.0,39900.0,51,0,2,1,7,12,11,13,8,87,1,3,5,True,27200,66,0.301369863,35397.26027,39900,6.0,L,163.4260498,1
City of Salisbury,Parafield Gardens Primary School,To be delivered in late 2026,23 Shepherdson Road PARAFIELD GARDENS SA 5107,-34.779124,138.6038286,"Shepherdson Road, Parafield Gardens, Adelaide, South Australia, 5107, Australia",POINT (280736.9582401671 6148834.596516044),30700,27000,,,,,6,0,0,0,3,1,1,1,0,33,2,2,1,False,27000,6,0.02739726,27739.72603,30700,11.5,L,763.6390072,1
City of Salisbury,Paralowie School,To be delivered in late 2026,Whites Road PARALOWIE SA 5108,-34.75235603,138.6210456,"Whites Road, Paralowie, Adelaide, South Australia, 5108, Australia",POINT (282242.38817378937 6151841.327796344),17400,11200,11200.0,11200.0,17400.0,17400.0,13,0,0,0,4,1,3,3,2,76,8,5,10,True,11200,13,0.059360731,11864.84018,17400,4.5,U,232.7267285,0
City of Unley,Parkside Primary School,Completed,12 Robsart Street PARKSIDE SA 5063,-34.9450753,138.617085,"Robsart Street, Parkside, Adelaide, South Australia, 5063, Australia",POINT (282388.11637721077 6130454.966418359),25400,16600,,,,,4,1,0,1,1,2,0,0,1,79,2,1,6,False,16600,19,0.086757991,18040.18265,25400,4.5,U,326.4043794,0
City of Tea Tree Gully,Pedare Christian College,Completed,12-30 Surrey Farm Drive GOLDEN GROVE SA 5125,-34.7964304,138.6966199,"Surrey Farm Drive, Golden Grove, Adelaide, South Australia, 5125, Australia",POINT (289273.57719757827 6147113.686957396),19400,12500,,,,,1,0,0,0,0,0,0,0,1,14,2,0,0,False,12500,1,0.00456621,12557.07763,19400,4.5,L,327.8193386,1
City of Playford,Playford International College,Completed,Philip Highway ELIZABETH SA 5112,-34.72454109,138.6676092,"Philip Highway, Elizabeth, Adelaide, South Australia, 5112, Australia",POINT (286433.82037645485 6155026.636373272),23300,14000,14000.0,14000.0,23300.0,23300.0,31,2,2,4,6,7,6,7,5,100,6,5,13,True,14000,81,0.369863014,19178.08219,23300,3.0,U,17.09088375,0
City of West Torrens,Plympton Primary School,Completed,19 Owen Street PLYMPTON SA 5038,-34.9602527,138.5563937,"Owen Street, Plympton, Adelaide, South Australia, 5038, Australia",POINT (276885.69509870897 6128637.511368379),33000,21200,26400.0,23867.0,44100.0,37600.0,45,3,1,2,4,6,14,9,12,190,8,7,16,True,23867,90,0.410958904,33675.35616,33000,4.5,L,165.7288093,1
City of Port Lincoln,Port Lincoln Primary School,To be delivered in late 2026,Lincoln Place PORT LINCOLN SA 5606,-34.72333335,135.8569139,"Lincoln Place, Port Lincoln, South Australia, 5606, Australia",POINT (28887.154273085936 6145574.118881697),14700,9200,9200.0,8100.0,14700.0,13500.0,15,1,0,2,1,7,2,2,3,68,5,0,9,True,8100,35,0.159817352,9394.520548,14700,4.0,L,182.3070544,1
City of Port Adelaide Enfield,Portside Christian College,Completed,1 Causeway Road NEW PORT SA 5015,-34.8505112,138.4948748,"Causeway Road, New Port, Adelaide, South Australia, 5015, Australia",POINT (270962.69464194716 6140672.168589925),13500,8400,16400.0,10950.0,27900.0,18650.0,27,0,2,3,4,5,2,7,9,48,1,2,5,True,10950,52,0.237442922,13550.0,13500,3.5,U,0.004206527,0
City of Salisbury,Prescott Primary Northern,To be delivered in late 2026,354 Wright Road PARA VISTA SA 5093,-34.83431787,138.6638546,"Wright Road, Valley View, Adelaide, South Australia, 5093, Australia",POINT (286373.3244338796 6142841.7040452715),11500,6700,6700.0,6700.0,11500.0,11500.0,12,1,0,1,4,2,3,1,2,25,1,1,3,True,6700,27,0.123287671,7526.027397,11500,3.0,U,143.7090716,0
City of Norwood Payneham and St Peters,Prince Alfred College,Completed,23 Dequetteville Terrace KENT TOWN SA 5067,-34.9229649,138.6163579,"Dequetteville Terrace, Kent Town, Adelaide, South Australia, 5067, Australia",POINT (282263.2393626374 6132906.052022374),33700,20400,22100.0,13380.0,37500.0,22820.0,42,1,1,6,7,8,5,10,12,218,8,3,40,True,13380,87,0.397260274,18695.34247,33700,3.5,L,0.870754854,1
City of Prospect,Prospect North Primary School,To be delivered in late 2026,30 Stuart Road PROSPECT SA 5082,-34.8759849,138.5972527,"Stuart Road, Prospect, Adelaide, South Australia, 5082, Australia",POINT (280392.585187581 6138075.700307839),31700,19900,19900.0,19900.0,31700.0,31700.0,16,1,0,2,4,0,4,1,7,273,8,3,19,True,19900,36,0.164383562,23171.23288,31700,4.0,L,240.0597937,1
City of Onkaparinga,Reynella South Primary School,Completed,119-135 Sherriffs Road REYNELLA SA 5161,-35.1035072,138.5243152,"Reynella South Primary School, 119-135, Sherriffs Road, Reynella, Adelaide, South Australia, 5161, Australia",POINT (274350.54037525994 6112673.842573664),19800,12500,12500.0,12500.0,19800.0,19800.0,11,0,0,0,2,3,2,1,3,94,4,2,5,True,12500,11,0.050228311,13127.85388,19800,4.5,L,180.6942465,1
City of Port Adelaide Enfield,Roma Mitchell Secondary College,Completed,"Sports Park, Briens Road GEPPS CROSS SA 5094",-34.84389739,138.6187652,,POINT (282274.5903011122 6141682.048112875),28400,17300,17300.0,17300.0,28400.0,28400.0,18,2,0,2,1,5,5,2,5,118,4,1,5,True,17300,48,0.219178082,21091.78082,28400,3.5,U,78.31147249,0
City of Holdfast Bay,Sacred Heart College - Marcellin Campus,Completed,195-235 Brighton Road SOMERTON PARK SA 5044,-34.99538043,138.5202168,,POINT (273678.58177250077 6124659.345245824),32300,20900,23600.0,17700.0,37200.0,28267.0,43,2,2,4,10,7,11,8,7,86,5,2,9,True,17700,93,0.424657534,25216.43836,32300,4.5,L,106.4167858,1
City of Marion,Sacred Heart College Champagnat Campus,To be delivered in late 2026,28 Percy Avenue MITCHELL PARK SA 5043,-34.99719677,138.5657609,"Percy Avenue, Clovelly Park, Adelaide, South Australia, 5042, Australia",POINT (277841.02326809394 6124560.169220765),26400,15400,,,,,9,0,2,4,3,1,2,2,1,53,3,2,12,False,15400,39,0.178082192,18142.46575,26400,2.5,L,440.3710245,1
City of Salisbury,Salisbury East High School,Completed,50 Smith Road SALISBURY EAST SA 5109,-34.7796595,138.6698868,"Smith Road, Salisbury East, Adelaide, South Australia, 5109, Australia",POINT (286784.22022640513 6148917.516536189),7300,4600,4600.0,4600.0,7300.0,7300.0,3,0,0,1,2,0,0,0,1,32,1,0,2,True,4600,8,0.03652968,4768.03653,7300,4.5,U,0.64935885,0
City of Salisbury,Salisbury Primary School,Completed,10 Compuda Street SALISBURY SA 5108,-34.76734569,138.6468624,"Compuda Street, Adelaide, South Australia, 5108, Australia",POINT (284644.9607923763 6150234.272870506),15500,9900,14700.0,9500.0,22800.0,15000.0,24,1,2,5,4,6,4,2,8,136,4,3,15,True,9500,69,0.315068493,12493.15068,15500,4.5,U,157.6154468,0
City of Mitcham,Scotch College,Completed,Carruth Road TORRENS PARK SA 5062,-34.98210624,138.6167337,"Carruth Road, Torrens Park, Adelaide, South Australia, 5062, Australia",POINT (282453.99798690865 6126346.405853438),22300,12700,14500.0,9520.0,25700.0,16920.0,37,1,1,4,5,10,10,6,6,76,3,2,8,True,9520,72,0.328767123,12649.86301,22300,2.0,U,154.1919231,0
City of Holdfast Bay,Seacliff Primary School,Completed,Barwell Avenue SEACLIFF SA 5049,-35.03666012,138.5234062,"Barwell Avenue, Seacliff, Adelaide, South Australia, 5049, Australia",POINT (274083.3850877151 6120087.326595873),37000,23200,23200.0,23200.0,37000.0,37000.0,18,3,0,3,5,4,0,5,4,52,3,1,6,True,23200,63,0.287671233,29873.9726,37000,4.0,L,101.9407402,1
City of Charles Sturt,Seaton High School,Completed,Glenburnie Street SEATON SA 5023,-34.88523738,138.5061722,"Glenburnie Street, Seaton, Adelaide, South Australia, 5023, Australia",POINT (272091.72915778554 6136845.748009281),13700,8100,8100.0,8100.0,13700.0,13700.0,8,0,0,1,1,1,2,1,3,30,2,0,3,True,8100,13,0.059360731,8580.821918,13700,3.0,L,185.8145684,1
City of Marion,Seaview High School,To be delivered in late 2026,78-124 Seacombe Road SEACOMBE HEIGHTS SA 5047,-35.0299089,138.5473604,"Seaview High School, 78 - 124, Seacombe Road, Seacombe Heights, Adelaide, South Australia, 5047, Australia",POINT (276250.54744492925 6120890.258161703),13100,7600,9000.0,8300.0,16100.0,14600.0,12,1,1,1,3,3,1,4,1,25,2,1,1,True,8300,32,0.146118721,9512.785388,13100,2.5,U,121.3068265,0
City of Burnside,Seymour College,Completed,546 Portrush Road GLEN OSMOND SA 5064,-34.957231,138.6437276,"Portrush Road, Glen Osmond, Adelaide, South Australia, 5064, Australia",POINT (284853.42806118797 6129164.242539592),37200,27400,27400.0,27400.0,37200.0,37200.0,28,1,1,2,4,5,6,6,7,86,3,4,12,True,27400,53,0.242009132,34031.05023,37200,7.5,L,10.28195821,1
City of Mitcham,Springbank Secondary College,To be delivered in late 2026,267 Daws Road PASADENA SA 5042,-34.9925186,138.5828781,"Daws Road, Pasadena, Adelaide, South Australia, 5042, Australia",POINT (279390.97054473235 6125117.082452698),24400,14600,14600.0,12800.0,24400.0,21400.0,27,3,0,2,3,9,6,7,2,45,3,0,2,True,12800,67,0.305936073,16715.98174,24400,3.0,L,13.74114729,1
City of Tea Tree Gully,St Agnes Primary School,To be delivered in late 2026,250 Smart Road ST AGNES SA 5097,-34.8325627,138.7035007,"Smart Road, St Agnes, Adelaide, South Australia, 5097, Australia",POINT (289994.95570300636 6143120.175810955),11000,7100,7100.0,7100.0,11000.0,11000.0,1,0,0,0,0,0,0,0,1,21,2,1,5,True,7100,1,0.00456621,7132.420091,11000,4.5,U,3.42594546,0
City of Salisbury,St Augustine's Parish School,Completed,25 Commercial Road SALISBURY SA 5108,-34.763388,138.6500085,"Commercial Road, Adelaide, South Australia, 5108, Australia",POINT (284922.6700609802 6150680.0228994),8100,5000,9600.0,7300.0,15300.0,11700.0,27,3,1,3,8,1,6,7,5,131,5,5,17,True,7300,77,0.351598174,9866.666667,8100,4.0,U,44.61962377,0
Yorke Peninsula Council,St Columba's Memorial School,To be delivered in late 2026,55 Warooka Road YORKETOWN SA 5576,-35.0190587,137.6006577,"Warooka Road, Yorketown, South Australia, 5576, Australia",POINT (189813.72035946808 6119559.386245816),1900,1700,1700.0,1700.0,1900.0,1900.0,1,0,0,0,0,0,1,0,0,1,0,0,0,True,1700,1,0.00456621,1707.762557,1900,11.0,U,3.747078936,0
City of West Torrens,St Francis School,Completed,458 Henley Beach Road LOCKLEYS SA 5032,-34.9273946,138.5375358,"Henley Beach Road, Lockleys, Adelaide, South Australia, 5032, Australia",POINT (275073.71973322734 6132240.206787348),25700,15200,15200.0,12833.0,25700.0,21733.0,20,0,0,0,5,0,7,3,5,47,1,0,1,True,12833,20,0.091324201,14004.96347,25700,3.0,L,1.831591589,1
Campbelltown City Council,St Francis of Assisi School,Completed,57 Newton Road NEWTON SA 5074,-34.8775586,138.6730257,"Newton Road, Newton, Adelaide, South Australia, 5074, Australia",POINT (287323.52713896695 6138064.710854478),27200,17500,21700.0,15040.0,32000.0,22700.0,72,4,0,7,16,10,21,14,11,101,7,2,12,True,15040,147,0.671232877,25135.34247,27200,4.5,L,1.151234896,1
Campbelltown City Council,St Ignatius' College,Completed,2 Manresa Court ATHELSTONE SA 5076,-34.8770902,138.6974005,"St Ignatius College - Senior Campus, 2, Manresa Court, Athelstone, Adelaide, South Australia, 5076, Australia",POINT (289550.5156941561 6138168.172182092),12500,8200,,,,,0,0,0,0,0,0,0,0,0,18,3,3,2,False,8200,0,0.0,8200.0,12500,5.0,U,253.1451555,0
City of Norwood Payneham and St Peters,St Ignatius' College Junior School,To be delivered in late 2026,62 Queen Street NORWOOD SA 5067,-34.9178003,138.6385618,"Queen Street, Norwood, Adelaide, South Australia, 5067, Australia",POINT (284278.3589719437 6133527.065564804),35600,26000,26000.0,26000.0,35600.0,35600.0,30,0,0,7,7,7,4,7,5,241,5,4,31,True,26000,65,0.296803653,33716.89498,35600,7.5,L,204.6300219,1
The Barossa Council,St Jakobi Lutheran School,To be delivered in late 2026,Lyndoch Valley Road LYNDOCH SA 5351,-34.6198945,138.8930762,"Lyndoch Valley Road, Lyndoch, South Australia, 5351, Australia",POINT (306839.325212316 6167089.60330469),2700,2400,2400.0,2400.0,2700.0,2700.0,0,0,0,0,0,0,0,0,0,0,0,0,0,True,2400,0,0.0,2400.0,2700,12.0,U,33.69859762,0
City of West Torrens,St John Bosco School,To be delivered in late 2026,19 Lipsett Terrace BROOKLYN PARK SA 5032,-34.930768,138.539838,"Lipsett Terrace, Brooklyn Park, Adelaide, South Australia, 5032, Australia",POINT (275293.257634879 6131871.170574495),30800,18800,20500.0,16800.0,33600.0,27600.0,21,0,0,1,2,5,5,4,5,81,0,2,4,True,16800,26,0.118721461,18794.52055,30800,3.5,L,206.1625391,1
City of West Torrens,St John The Baptist Catholic Primary School,Completed,342 Anzac Highway PLYMPTON SA 5038,-34.9677221,138.5488992,"Anzac Highway, Plympton, Adelaide, South Australia, 5038, Australia",POINT (276221.5886516306 6127792.163748767),36000,21000,21600.0,16900.0,37700.0,29267.0,36,1,1,4,3,8,7,7,11,73,2,1,13,True,16900,71,0.324200913,22378.99543,36000,3.0,L,14.57374368,1
City of Mitcham,St John's Grammar School,Completed,42 Sheoak Road BELAIR SA 5052,-34.9978879,138.6245853,"Sheoak Road, Belair, Adelaide, South Australia, 5052, Australia",POINT (283212.48658836144 6124612.840906149),14800,8000,9800.0,5050.0,17700.0,9113.0,31,3,1,3,9,2,7,5,8,61,4,3,5,True,5050,81,0.369863014,6917.808219,14800,1.5,U,3.09496706,0
City of Norwood Payneham and St Peters,St Joseph's Memorial School,To be delivered in late 2026,46 Bridge Street KENSINGTON SA 5068,-34.9228932,138.6460596,"Bridge Street, Kensington, Adelaide, South Australia, 5068, Australia",POINT (284976.72449035896 6132978.269482259),12000,7300,7300.0,7300.0,12000.0,12000.0,9,0,0,3,4,2,1,1,1,87,3,6,12,True,7300,24,0.109589041,8100.0,12000,3.5,U,237.9297002,0
Campbelltown City Council,St Joseph's School Hectorville,Completed,30 Montacute Road HECTORVILLE SA 5073,-34.8903853,138.6590696,"Saint Joseph's School, 30, Montacute Road, Hectorville, Adelaide, South Australia, 5073, Australia",POINT (286081.0119825136 6136612.158073593),14600,8500,13000.0,10750.0,22800.0,18700.0,17,0,0,0,6,1,7,1,2,168,6,2,13,True,10750,17,0.077625571,11584.47489,14600,3.0,L,119.1027781,1
City of Charles Sturt,St Joseph's School Hindmarsh,To be delivered in late 2026,56 Albemarle Street WEST HINDMARSH SA 5007,-34.9018964,138.562948,"Albemarle Street, West Hindmarsh, Adelaide, South Australia, 5007, Australia",POINT (277326.5064891307 6135125.578622304),34200,22100,22100.0,22100.0,34200.0,34200.0,10,1,0,0,3,1,3,2,1,248,7,2,27,True,22100,20,0.091324201,24118.26484,34200,4.5,L,247.8495576,1
Rural City of Murray Bridge,St Joseph's School Murray Bridge,Completed,1 Florence Street MURRAY BRIDGE SA 5253,-35.118307,139.2686097,"Florence Street, Murray Bridge, South Australia, 5253, Australia",POINT (342227.3187889267 6112465.430311737),7000,4100,4100.0,4100.0,7000.0,7000.0,3,0,1,0,0,2,0,1,0,18,1,1,2,True,4100,8,0.03652968,4249.771689,7000,3.0,U,162.1640204,0
City of Norwood Payneham and St Peters,St Joseph's School Payneham,To be delivered in late 2026,78 Portrush Road PAYNEHAM SOUTH SA 5070,-34.9020656,138.6396294,"Portrush Road, Payneham South, Adelaide, South Australia, 5070, Australia",POINT (284334.73189755715 6135274.775060829),35800,26300,26300.0,26300.0,35800.0,35800.0,36,0,1,1,4,8,6,9,9,132,5,3,10,True,26300,46,0.210045662,31824.20091,35800,7.5,L,1.86705174,1
City of Port Lincoln,St Joseph's School Port Lincoln,To be delivered in late 2026,14 Mortlock Terrace PORT LINCOLN SA 5606,-34.7240785,135.8590453,"Mortlock Terrace, Port Lincoln, South Australia, 5606, Australia",POINT (29086.819788860856 6145501.388700294),11100,6000,9200.0,6650.0,14700.0,11200.0,26,2,0,4,6,6,6,3,5,68,4,1,8,True,6650,66,0.301369863,8654.109589,11100,1.5,L,0.387187193,1
Campbelltown City Council,St Joseph's School Tranmere,Completed,513 Magill Road TRANMERE SA 5073,-34.9137118,138.6620316,"Magill Road, Tranmere, Adelaide, South Australia, 5073, Australia",POINT (286412.184758352 6134030.956684589),15200,9500,9500.0,9500.0,15200.0,15200.0,8,0,1,2,1,4,1,1,1,57,4,1,7,True,9500,23,0.105022831,10497.71689,15200,4.0,U,0.484127322,0
City of Port Adelaide Enfield,St Margaret Mary's School,Completed,5 Eldon Street CROYDON PARK SA 5008,-34.8826562,138.5626716,"Eldon Street, Croydon Park, Adelaide, South Australia, 5008, Australia",POINT (277249.2787398881 6137259.263086531),19600,12400,12400.0,12400.0,19600.0,19600.0,25,1,1,2,2,6,6,5,6,53,1,1,5,True,12400,50,0.228310502,15231.05023,19600,4.0,L,103.8475804,1
City of Marion,St Martin De Porres School,To be delivered in late 2026,1 Berrima Road SHEIDOW PARK SA 5158,-35.0732733,138.5260835,"St Martin de Porres School, 1, Berrima Road, Sheidow Park, Adelaide, South Australia, 5158, Australia",POINT (274428.4500751971 6116031.791319957),29700,19700,19700.0,19700.0,30200.0,29950.0,11,1,1,0,1,3,1,1,5,27,3,1,0,True,19700,26,0.118721461,22038.81279,29700,5.0,L,122.6153138,1
City of Charles Sturt,St Michael's College Primary Campus,To be delivered in late 2026,78 East Avenue BEVERLEY SA 5009,-34.8923627,138.5511185,"East Avenue, Beverley, Adelaide, South Australia, 5009, Australia",POINT (276219.54039396753 6136156.75737232),11600,7500,29600.0,20833.0,47400.0,33567.0,30,0,0,0,3,7,7,5,8,95,2,1,2,True,20833,30,0.136986301,23686.83562,11600,4.5,U,0.820710797,0
City of Port Adelaide Enfield,St Paul's College,Completed,792 Grand Junction Road GILLES PLAINS SA 5086,-34.8458026,138.6558411,"Grand Junction Road, Gilles Plains, Adelaide, South Australia, 5086, Australia",POINT (285670.1915190242 6141550.642371202),22900,14600,14600.0,14600.0,22900.0,22900.0,14,0,1,2,3,4,1,4,2,57,1,2,5,True,14600,29,0.132420091,16533.33333,22900,4.5,L,12.98594334,1
City of Norwood Payneham and St Peters,St Peter's College,To be delivered in late 2026,Hackney Road ST PETERS SA 5069,-34.91344724,138.6164816,,POINT (282249.3872490664 6133962.097005128),48900,30700,30700.0,30700.0,48900.0,48900.0,3,0,0,0,1,0,0,1,1,73,3,4,6,True,30700,3,0.01369863,31120.54795,48900,4.0,L,247.1107573,1
City of Mitcham,St Therese School,To be delivered in late 2026,7 Oxford Circus COLONEL LIGHT GARDENS SA 5041,-34.990185,138.5934774,"Oxford Circus, Colonel Light Gardens, Adelaide, South Australia, 5041, Australia",POINT (280352.31919172197 6125399.319487181),27000,15700,26500.0,18250.0,45000.0,30875.0,51,0,1,4,12,12,9,7,11,99,1,3,6,True,18250,76,0.347031963,24583.33333,27000,3.0,U,70.26952481,0
City of Unley,St Thomas School,Completed,10 Rushton Street GOODWOOD SA 5034,-34.9533861,138.5917183,"Rushton Street, Goodwood, Adelaide, South Australia, 5034, Australia",POINT (280093.32680583146 6129477.533406103),27700,16200,16200.0,16200.0,27700.0,27700.0,32,3,1,6,5,4,6,7,10,82,4,2,9,True,16200,97,0.442922374,23375.34247,27700,3.0,U,174.3836259,0
City of Marion,Sunrise Christian School,Completed,286 Sturt Road MARION SA 5043,-35.0171244,138.5579912,"Sturt Road, Marion, Adelaide, South Australia, 5043, Australia",POINT (277185.8650481402 6122332.256836798),39600,23600,27900.0,24175.0,45900.0,40325.0,134,4,3,6,23,23,30,38,20,258,11,6,15,True,24175,219,1.0,48350.0,39600,3.0,L,0.016862949,1
City of West Torrens,Temple Christian College,Completed,2 Henley Beach Road MILE END SA 5031,-34.9230387,138.5784534,"Temple Christian College, 2-6, Henley Beach Road, Mile End, Adelaide, South Australia, 5031, Australia",POINT (278800.2934046114 6132814.681105127),1800,1100,28500.0,14133.0,43200.0,22117.0,38,1,0,5,4,9,6,8,11,128,5,2,17,True,14133,73,0.333333333,18844.0,1800,3.5,U,25.68920237,0
City of Mount Gambier,Tenison Woods College,Completed,Shepherdson Road MOUNT GAMBIER SA 5290,-37.82834807,140.7547489,"Shepherdson Road, Mount Gambier, South Australia, 5290, Australia",POINT (478417.5018548955 5813201.5113150105),5900,6000,6000.0,6000.0,5900.0,5900.0,4,1,1,1,2,1,0,1,0,6,1,1,1,True,6000,24,0.109589041,6657.534247,5900,16.0,U,111.899217,0
City of Salisbury,Thomas More College,Completed,23 Amsterdam Crescent SALISBURY DOWNS SA 5108,-34.7803364,138.6314441,"Thomas More College, 23, Amsterdam Crescent, Salisbury Downs, Adelaide, South Australia, 5108, Australia",POINT (283267.6132168147 6148760.091802616),32600,22100,22100.0,22100.0,32600.0,32600.0,24,0,1,0,3,2,5,8,6,140,2,4,13,True,22100,29,0.132420091,25026.48402,32600,5.5,L,162.8567086,1
City of Tea Tree Gully,Torrens Valley Christian School,Completed,1227 Grand Junction Road HOPE VALLEY SA 5090,-34.8436161,138.695057,"Grand Junction Road, Hope Valley, Adelaide, South Australia, 5090, Australia",POINT (289250.86215504236 6141876.358550431),17200,10000,14500.0,10600.0,25600.0,18600.0,32,4,1,4,1,7,4,14,6,46,4,1,5,True,10600,97,0.442922374,15294.97717,17200,2.5,L,10.67409879,1
City of Norwood Payneham and St Peters,Trinity Gardens School,To be delivered in late 2026,160 Portrush Road TRINITY GARDENS SA 5068,-34.9114478,138.6403084,"Portrush Road, Trinity Gardens, Adelaide, South Australia, 5068, Australia",POINT (284421.32545222517 6134235.497060781),35800,26300,26300.0,26300.0,35800.0,35800.0,47,0,3,1,11,16,7,7,6,139,1,5,12,True,26300,67,0.305936073,34346.11872,35800,7.5,L,1.840723209,1
City of Mitcham,Urrbrae Agricultural High School,To be delivered in late 2026,505 Fullarton Road NETHERBY SA 5062,-34.9649926,138.6265061,"Fullarton Road, Netherby, Adelaide, South Australia, 5062, Australia",POINT (283301.10612852644 6128266.044535512),33200,19300,21800.0,18500.0,35300.0,30900.0,30,2,0,0,11,5,2,4,8,74,7,1,4,True,18500,50,0.228310502,22723.74429,33200,2.5,U,0.963106198,0
Town of Walkerville,Vale Park Primary School,To be delivered in late 2026,40-56 Ascot Avenue VALE PARK SA 5081,-34.8832328,138.6221625,"Ascot Avenue, Vale Park, Adelaide, South Australia, 5081, Australia",POINT (282688.85280522396 6137326.063486796),30200,23400,27900.0,19540.0,48300.0,29900.0,91,3,1,5,12,30,13,16,20,158,6,4,8,True,19540,151,0.689497717,33012.78539,30200,8.5,L,14.82795021,1
District Council of Loxton Waikerie,Waikerie High School,To be delivered in late 2026,24 Blake Road WAIKERIE SA 5330,-34.1842936,139.9744215,"Waikerie High School, 24, Blake Road, Waikerie, South Australia, 5330, Australia",POINT (405493.1961599489 6216934.345254717),700,750,,,,,1,0,0,0,1,0,0,0,0,2,0,0,0,False,750,1,0.00456621,753.4246575,700,17.0,U,259.3157284,0
City of Unley,Walford Anglican School for Girls and Junior School,Completed,316 Unley Road HYDE PARK SA 5061,-34.9563154,138.6079209,"Unley Road, Hyde Park, Adelaide, South Australia, 5061, Australia",POINT (281580.90551916306 6129188.125464344),26700,15000,15000.0,15000.0,26700.0,26700.0,40,1,1,2,8,6,6,8,12,87,1,1,2,True,15000,65,0.296803653,19452.05479,26700,2.0,U,2.280900862,0
Town of Walkerville,Walkerville Primary School,To be delivered in late 2026,159 Stephen Terrace WALKERVILLE SA 5081,-34.8998365,138.6174464,"Stephen Terrace, Walkerville, Adelaide, South Australia, 5081, Australia",POINT (282301.5968872524 6135474.006659674),21000,12000,12000.0,12000.0,21000.0,21000.0,17,3,2,4,3,1,2,5,6,69,3,4,8,True,12000,77,0.351598174,16219.17808,21000,2.5,L,3.219419469,1
City of Marion,Warradale Primary School,To be delivered in late 2026,Keynes Avenue WARRADALE SA 5046,-35.00352897,138.53697,"Keynes Avenue, Warradale, Adelaide, South Australia, 5046, Australia",POINT (275230.22474691295 6123793.271278022),26900,15700,15700.0,15700.0,26900.0,26900.0,14,0,0,0,2,2,3,2,5,71,4,0,6,True,15700,14,0.063926941,16703.65297,26900,3.0,L,124.0119486,1
City of Mitcham,Westbourne Park Primary School,Completed,2 Marlborough Road WESTBOURNE PARK SA 5041,-34.9687195,138.5952447,"Marlborough Road, Westbourne Park, Adelaide, South Australia, 5041, Australia",POINT (280456.3290853051 6127784.364866313),30800,19100,,,,,3,0,0,0,0,1,0,0,2,125,3,2,14,False,19100,3,0.01369863,19361.64384,30800,4.0,L,293.4389688,1
City of Marion,Westminster School,To be delivered in late 2026,1 - 27 Alison Avenue MARION SA 5043,-35.0011569,138.553599,"Alison Avenue, Marion, Adelaide, South Australia, 5043, Australia",POINT (276741.6112866907 6124093.732556356),47900,28900,,,,,0,0,0,0,0,0,0,0,0,63,4,3,6,False,28900,0,0.0,28900.0,47900,3.5,L,368.4356141,1
Town of Walkerville,Wilderness School,To be delivered in late 2026,30 Hawkers Road MEDINDIE SA 5081,-34.898656,138.607947,"Hawkers Road, Medindie, Adelaide, South Australia, 5081, Australia",POINT (281430.3139377248 6135584.24907334),28000,16200,16200.0,16200.0,28000.0,28000.0,15,1,2,2,4,3,3,4,1,89,3,5,5,True,16200,45,0.205479452,19528.76712,28000,2.5,U,121.6436889,0
The Barossa Council,Williamstown Primary School,Completed,Margaret Street WILLIAMSTOWN SA 5351,-34.66809642,138.8901859,"Margaret Street, Williamstown, South Australia, 5351, Australia",POINT (306686.273875423 6161737.67157034),5200,4900,6100.0,5500.0,6500.0,5850.0,5,0,0,0,2,1,1,0,1,9,0,0,0,True,5500,5,0.02283105,5625.570776,5200,13.5,U,70.74065548,0
City of Charles Sturt,Woodville High School,To be delivered in late 2026,11 Actil Avenue ST CLAIR SA 5011,-34.8717344,138.5397118,"Actil Avenue, St Clair, Adelaide, South Australia, 5011, Australia",POINT (275120.73737959506 6138419.482771885),20700,13000,13000.0,13000.0,20700.0,20700.0,23,0,0,2,2,7,5,7,2,107,2,0,5,True,13000,33,0.150684932,14958.90411,20700,4.0,L,166.1414092,1
City of Charles Sturt,Woodville Primary School,To be delivered in late 2026,Evans Street WOODVILLE SOUTH SA 5011,-34.88092834,138.5321555,"Evans Street, Woodville South, Adelaide, South Australia, 5011, Australia",POINT (274455.0468430697 6137382.6042236015),11000,6100,22700.0,12867.0,37700.0,21533.0,35,2,0,4,9,7,8,5,6,146,7,5,11,True,12867,75,0.342465753,17273.50685,11000,2.0,L,113.2672002,1
